2021-05-11 10  10:15:10,50,500
2021-05-11 10  10:15:10,50,500
2565-01-02  11:54:59,123,12300.0
2565-01-02  11:55:06,456,45600.0
2565-01-02  13:29:16,23,2300.0
2565-01-02  13:29:24,57,5700.0
2565-01-02  13:32:23,12,1200.0
2565-01-02  13:32:30,24,2400.0
2565-01-02  13:33:38,1,100.0
2565-01-02  13:40:32,12,1200.0
2565-01-02  13:41:47,5,500.0
2565-01-02  13:45:19,1,100.0
2565-01-02  13:47:00,3,300.0
2565-01-02  13:48:08,7,700.0
2565-01-02  13:53:04,21,2100.0
2565-01-02  13:54:00,24,2400.0
2565-01-02  13:58:56,123,12300.0
2565-01-02  14:10:44,44,4400.0
2565-01-02  14:11:02,55,5500.0
2565-01-02  14:11:15,1,100.0
2565-01-02  14:59:04,2,200.0
2565-01-02  15:03:08,12,1200.0
2565-01-02  15:08:17,56,5600.0
2565-01-02  15:08:34,23,2300.0
2565-01-02  15:08:57,66,6600.0
